{"_timestamp":1.7338732022522519e+09,"_wandb":{"runtime":23465},"_runtime":22988.951074072,"_step":49,"ix":196000}