{"_step":49,"ix":196000,"_timestamp":1.7339004087998238e+09,"_wandb":{"runtime":24274},"_runtime":23803.516273175}