{"_runtime":23450.653652672,"_step":49,"_wandb":{"runtime":23936},"ix":196000,"_timestamp":1.733899961562966e+09}