{"ix":196000,"_timestamp":1.733873684912297e+09,"_runtime":23306.058780432,"_step":49,"_wandb":{"runtime":23786}}