{"_step":14,"_runtime":238.974015093,"train/learning_rate":3e-05,"train/loss":0.3862,"train/global_step":15,"train/grad_norm":2.6002023220062256,"_timestamp":1.7337746637482145e+09,"_wandb":{"runtime":240},"train/epoch":0.00014111438026092048}