{"_wandb":{"runtime":43},"ix":0,"_timestamp":1.733929133247106e+09,"_runtime":19.685631399000002,"_step":0}