{"_step":62,"_wandb":{"runtime":29314},"ix":248000,"_timestamp":1.7339293476594043e+09,"_runtime":29030.467225808}