{"_timestamp":1.7338998218287737e+09,"_wandb":{"runtime":23766},"_runtime":23286.005157701,"_step":49,"ix":196000}